<code_scheme name="LINE OSS" version="173">
  <option name="INSERT_INNER_CLASS_IMPORTS" value="true" />
  <option name="CLASS_COUNT_TO_USE_IMPORT_ON_DEMAND" value="1048576" />
  <option name="NAMES_COUNT_TO_USE_IMPORT_ON_DEMAND" value="1048576" />
  <option name="PACKAGES_TO_USE_IMPORT_ON_DEMAND">
    <value />
  </option>
  <option name="IMPORT_LAYOUT_TABLE">
    <value>
      <package name="" withSubpackages="true" static="true" />
      <emptyLine />
      <package name="java" withSubpackages="true" static="false" />
      <emptyLine />
      <package name="javax" withSubpackages="true" static="false" />
      <emptyLine />
      <package name="org" withSubpackages="true" static="false" />
      <emptyLine />
      <package name="android" withSubpackages="true" static="false" />
      <emptyLine />
      <package name="net" withSubpackages="true" static="false" />
      <emptyLine />
      <package name="com" withSubpackages="true" static="false" />
      <emptyLine />
      <package name="com.linecorp" withSubpackages="true" static="false" />
      <emptyLine />
      <package name="com.nhn" withSubpackages="true" static="false" />
      <emptyLine />
      <package name="com.nhncorp" withSubpackages="true" static="false" />
      <emptyLine />
      <package name="jp.naver" withSubpackages="true" static="false" />
      <emptyLine />
      <package name="" withSubpackages="true" static="false" />
      <emptyLine />
    </value>
  </option>
  <option name="RIGHT_MARGIN" value="112" />
  <option name="ENABLE_JAVADOC_FORMATTING" value="false" />
  <option name="HTML_SPACE_INSIDE_EMPTY_TAG" value="true" />
  <option name="FORMATTER_TAGS_ENABLED" value="true" />
  <CssCodeStyleSettings>
    <option name="HEX_COLOR_UPPER_CASE" value="true" />
  </CssCodeStyleSettings>
  <DB2CodeStyleSettings version="0">
    <option name="myVersion" value="0" />
    <option name="ALIAS_CASE" value="4" />
    <option name="TYPE_CASE" value="3" />
    <option name="QUERY_TRUE_INDENT" value="false" />
    <option name="QUERY_ALIGN_ELEMENTS" value="false" />
    <option name="QUERY_ALIGN_LINE_COMMENTS" value="false" />
    <option name="INSERT_EL_COMMA" value="2" />
    <option name="SET_EL_WRAP" value="0" />
    <option name="SET_EL_COMMA" value="0" />
    <option name="WITH_EL_WRAP" value="0" />
    <option name="WITH_EL_COMMA" value="0" />
    <option name="SELECT_EL_WRAP" value="3" />
    <option name="SELECT_EL_COMMA" value="2" />
    <option name="FROM_EL_WRAP" value="2" />
    <option name="FROM_EL_COMMA" value="2" />
    <option name="FROM_PLACE_ON" value="10" />
    <option name="WHERE_EL_WRAP" value="3" />
    <option name="WHERE_EL_BOUND" value="2" />
    <option name="ORDER_EL_COMMA" value="2" />
    <option name="TABLE_OPENING" value="1" />
    <option name="TABLE_CONTENT" value="2" />
    <option name="TABLE_CLOSING" value="3" />
    <option name="TABLE_ALTER_INSTRUCTION_ALIGN" value="false" />
    <option name="POST_OPT_WRAP_1" value="true" />
    <option name="POST_OPT_ALIGN" value="false" />
    <option name="ROUTINE_ARG_COMMA" value="2" />
    <option name="ROUTINE_ARG_ALIGN_TYPES" value="true" />
    <option name="IMP_DECLARE_EL_WRAP" value="1" />
    <option name="IMP_IF_THEN_WRAP_THEN" value="true" />
    <option name="CORTEGE_SPACE_BEFORE_L_PAREN" value="false" />
    <option name="EXPR_CASE_WHEN_WRAP" value="false" />
    <option name="EXPR_CASE_THEN_WRAP" value="true" />
    <option name="PRIMARY_KEY_NAME_TEMPLATE" value="{table}_{columns}_pk" />
  </DB2CodeStyleSettings>
  <DerbyCodeStyleSettings version="0">
    <option name="myVersion" value="0" />
    <option name="ALIAS_CASE" value="4" />
    <option name="TYPE_CASE" value="3" />
    <option name="QUERY_TRUE_INDENT" value="false" />
    <option name="QUERY_ALIGN_ELEMENTS" value="false" />
    <option name="QUERY_ALIGN_LINE_COMMENTS" value="false" />
    <option name="INSERT_EL_COMMA" value="2" />
    <option name="SET_EL_WRAP" value="0" />
    <option name="SET_EL_COMMA" value="0" />
    <option name="WITH_EL_WRAP" value="0" />
    <option name="WITH_EL_COMMA" value="0" />
    <option name="SELECT_EL_WRAP" value="3" />
    <option name="SELECT_EL_COMMA" value="2" />
    <option name="FROM_EL_WRAP" value="2" />
    <option name="FROM_EL_COMMA" value="2" />
    <option name="FROM_PLACE_ON" value="10" />
    <option name="WHERE_EL_WRAP" value="3" />
    <option name="WHERE_EL_BOUND" value="2" />
    <option name="ORDER_EL_COMMA" value="2" />
    <option name="TABLE_OPENING" value="1" />
    <option name="TABLE_CONTENT" value="2" />
    <option name="TABLE_CLOSING" value="3" />
    <option name="TABLE_ALTER_INSTRUCTION_ALIGN" value="false" />
    <option name="POST_OPT_WRAP_1" value="true" />
    <option name="POST_OPT_ALIGN" value="false" />
    <option name="ROUTINE_ARG_COMMA" value="2" />
    <option name="ROUTINE_ARG_ALIGN_TYPES" value="true" />
    <option name="IMP_DECLARE_EL_WRAP" value="1" />
    <option name="IMP_IF_THEN_WRAP_THEN" value="true" />
    <option name="CORTEGE_SPACE_BEFORE_L_PAREN" value="false" />
    <option name="EXPR_CASE_WHEN_WRAP" value="false" />
    <option name="EXPR_CASE_THEN_WRAP" value="true" />
    <option name="PRIMARY_KEY_NAME_TEMPLATE" value="{table}_{columns}_pk" />
  </DerbyCodeStyleSettings>
  <H2CodeStyleSettings version="0">
    <option name="myVersion" value="0" />
    <option name="ALIAS_CASE" value="4" />
    <option name="TYPE_CASE" value="3" />
    <option name="QUERY_TRUE_INDENT" value="false" />
    <option name="QUERY_ALIGN_ELEMENTS" value="false" />
    <option name="QUERY_ALIGN_LINE_COMMENTS" value="false" />
    <option name="INSERT_EL_COMMA" value="2" />
    <option name="SET_EL_WRAP" value="0" />
    <option name="SET_EL_COMMA" value="0" />
    <option name="WITH_EL_WRAP" value="0" />
    <option name="WITH_EL_COMMA" value="0" />
    <option name="SELECT_EL_WRAP" value="3" />
    <option name="SELECT_EL_COMMA" value="2" />
    <option name="FROM_EL_WRAP" value="2" />
    <option name="FROM_EL_COMMA" value="2" />
    <option name="FROM_PLACE_ON" value="10" />
    <option name="WHERE_EL_WRAP" value="3" />
    <option name="WHERE_EL_BOUND" value="2" />
    <option name="ORDER_EL_COMMA" value="2" />
    <option name="TABLE_OPENING" value="1" />
    <option name="TABLE_CONTENT" value="2" />
    <option name="TABLE_CLOSING" value="3" />
    <option name="TABLE_ALTER_INSTRUCTION_ALIGN" value="false" />
    <option name="POST_OPT_WRAP_1" value="true" />
    <option name="POST_OPT_ALIGN" value="false" />
    <option name="ROUTINE_ARG_COMMA" value="2" />
    <option name="ROUTINE_ARG_ALIGN_TYPES" value="true" />
    <option name="CORTEGE_SPACE_BEFORE_L_PAREN" value="false" />
    <option name="EXPR_CASE_WHEN_WRAP" value="false" />
    <option name="EXPR_CASE_THEN_WRAP" value="true" />
    <option name="PRIMARY_KEY_NAME_TEMPLATE" value="{table}_{columns}_pk" />
  </H2CodeStyleSettings>
  <HSQLCodeStyleSettings version="0">
    <option name="myVersion" value="0" />
    <option name="ALIAS_CASE" value="4" />
    <option name="TYPE_CASE" value="3" />
    <option name="QUERY_TRUE_INDENT" value="false" />
    <option name="QUERY_ALIGN_ELEMENTS" value="false" />
    <option name="QUERY_ALIGN_LINE_COMMENTS" value="false" />
    <option name="INSERT_EL_COMMA" value="2" />
    <option name="SET_EL_WRAP" value="0" />
    <option name="SET_EL_COMMA" value="0" />
    <option name="WITH_EL_WRAP" value="0" />
    <option name="WITH_EL_COMMA" value="0" />
    <option name="SELECT_EL_WRAP" value="3" />
    <option name="SELECT_EL_COMMA" value="2" />
    <option name="FROM_EL_WRAP" value="2" />
    <option name="FROM_EL_COMMA" value="2" />
    <option name="FROM_PLACE_ON" value="10" />
    <option name="WHERE_EL_WRAP" value="3" />
    <option name="WHERE_EL_BOUND" value="2" />
    <option name="ORDER_EL_COMMA" value="2" />
    <option name="TABLE_OPENING" value="1" />
    <option name="TABLE_CONTENT" value="2" />
    <option name="TABLE_CLOSING" value="3" />
    <option name="TABLE_ALTER_INSTRUCTION_ALIGN" value="false" />
    <option name="POST_OPT_WRAP_1" value="true" />
    <option name="POST_OPT_ALIGN" value="false" />
    <option name="ROUTINE_ARG_COMMA" value="2" />
    <option name="ROUTINE_ARG_ALIGN_TYPES" value="true" />
    <option name="CORTEGE_SPACE_BEFORE_L_PAREN" value="false" />
    <option name="EXPR_CASE_WHEN_WRAP" value="false" />
    <option name="EXPR_CASE_THEN_WRAP" value="true" />
    <option name="PRIMARY_KEY_NAME_TEMPLATE" value="{table}_{columns}_pk" />
  </HSQLCodeStyleSettings>
  <JSCodeStyleSettings version="0">
    <option name="USE_DOUBLE_QUOTES" value="false" />
    <option name="CHAINED_CALL_DOT_ON_NEW_LINE" value="false" />
  </JSCodeStyleSettings>
  <JSON>
    <option name="OBJECT_WRAPPING" value="1" />
    <option name="ARRAY_WRAPPING" value="1" />
  </JSON>
  <JavaCodeStyleSettings>
    <option name="ANNOTATION_PARAMETER_WRAP" value="1" />
    <option name="CLASS_NAMES_IN_JAVADOC" value="3" />
    <option name="INSERT_INNER_CLASS_IMPORTS" value="true" />
    <option name="CLASS_COUNT_TO_USE_IMPORT_ON_DEMAND" value="1048576" />
    <option name="NAMES_COUNT_TO_USE_IMPORT_ON_DEMAND" value="1048576" />
    <option name="PACKAGES_TO_USE_IMPORT_ON_DEMAND">
      <value />
    </option>
    <option name="IMPORT_LAYOUT_TABLE">
      <value>
        <package name="" withSubpackages="true" static="true" />
        <emptyLine />
        <package name="java" withSubpackages="true" static="false" />
        <emptyLine />
        <package name="javax" withSubpackages="true" static="false" />
        <emptyLine />
        <package name="org" withSubpackages="true" static="false" />
        <emptyLine />
        <package name="android" withSubpackages="true" static="false" />
        <emptyLine />
        <package name="net" withSubpackages="true" static="false" />
        <emptyLine />
        <package name="com" withSubpackages="true" static="false" />
        <emptyLine />
        <package name="com.linecorp" withSubpackages="true" static="false" />
        <emptyLine />
        <package name="com.nhn" withSubpackages="true" static="false" />
        <emptyLine />
        <package name="com.nhncorp" withSubpackages="true" static="false" />
        <emptyLine />
        <package name="jp.naver" withSubpackages="true" static="false" />
        <emptyLine />
        <package name="" withSubpackages="true" static="false" />
        <emptyLine />
      </value>
    </option>
    <option name="ENABLE_JAVADOC_FORMATTING" value="false" />
  </JavaCodeStyleSettings>
  <MSSQLCodeStyleSettings version="0">
    <option name="myVersion" value="0" />
    <option name="ALIAS_CASE" value="4" />
    <option name="TYPE_CASE" value="3" />
    <option name="QUERY_TRUE_INDENT" value="false" />
    <option name="QUERY_ALIGN_ELEMENTS" value="false" />
    <option name="QUERY_ALIGN_LINE_COMMENTS" value="false" />
    <option name="INSERT_EL_COMMA" value="2" />
    <option name="SET_EL_WRAP" value="0" />
    <option name="SET_EL_COMMA" value="0" />
    <option name="WITH_EL_WRAP" value="0" />
    <option name="WITH_EL_COMMA" value="0" />
    <option name="SELECT_EL_WRAP" value="3" />
    <option name="SELECT_EL_COMMA" value="2" />
    <option name="FROM_EL_WRAP" value="2" />
    <option name="FROM_EL_COMMA" value="2" />
    <option name="FROM_PLACE_ON" value="10" />
    <option name="WHERE_EL_WRAP" value="3" />
    <option name="WHERE_EL_BOUND" value="2" />
    <option name="ORDER_EL_COMMA" value="2" />
    <option name="TABLE_OPENING" value="1" />
    <option name="TABLE_CONTENT" value="2" />
    <option name="TABLE_CLOSING" value="3" />
    <option name="TABLE_ALTER_INSTRUCTION_ALIGN" value="false" />
    <option name="POST_OPT_WRAP_1" value="true" />
    <option name="POST_OPT_ALIGN" value="false" />
    <option name="ROUTINE_ARG_COMMA" value="2" />
    <option name="ROUTINE_ARG_ALIGN_TYPES" value="true" />
    <option name="IMP_DECLARE_EL_WRAP" value="1" />
    <option name="IMP_IF_THEN_WRAP_THEN" value="true" />
    <option name="CORTEGE_SPACE_BEFORE_L_PAREN" value="false" />
    <option name="EXPR_CASE_WHEN_WRAP" value="false" />
    <option name="EXPR_CASE_THEN_WRAP" value="true" />
    <option name="PRIMARY_KEY_NAME_TEMPLATE" value="{table}_{columns}_pk" />
  </MSSQLCodeStyleSettings>
  <MySQLCodeStyleSettings version="0">
    <option name="myVersion" value="0" />
    <option name="ALIAS_CASE" value="4" />
    <option name="TYPE_CASE" value="3" />
    <option name="QUERY_TRUE_INDENT" value="false" />
    <option name="QUERY_ALIGN_ELEMENTS" value="false" />
    <option name="QUERY_ALIGN_LINE_COMMENTS" value="false" />
    <option name="INSERT_EL_COMMA" value="2" />
    <option name="SET_EL_WRAP" value="0" />
    <option name="SET_EL_COMMA" value="0" />
    <option name="WITH_EL_WRAP" value="0" />
    <option name="WITH_EL_COMMA" value="0" />
    <option name="SELECT_EL_WRAP" value="3" />
    <option name="SELECT_EL_COMMA" value="2" />
    <option name="FROM_EL_WRAP" value="2" />
    <option name="FROM_EL_COMMA" value="2" />
    <option name="FROM_PLACE_ON" value="10" />
    <option name="WHERE_EL_WRAP" value="3" />
    <option name="WHERE_EL_BOUND" value="2" />
    <option name="ORDER_EL_COMMA" value="2" />
    <option name="TABLE_OPENING" value="1" />
    <option name="TABLE_CONTENT" value="2" />
    <option name="TABLE_CLOSING" value="3" />
    <option name="TABLE_ALTER_INSTRUCTION_ALIGN" value="false" />
    <option name="POST_OPT_WRAP_1" value="true" />
    <option name="POST_OPT_ALIGN" value="false" />
    <option name="ROUTINE_ARG_COMMA" value="2" />
    <option name="ROUTINE_ARG_ALIGN_TYPES" value="true" />
    <option name="IMP_IF_THEN_WRAP_THEN" value="true" />
    <option name="CORTEGE_SPACE_BEFORE_L_PAREN" value="false" />
    <option name="EXPR_CASE_WHEN_WRAP" value="false" />
    <option name="EXPR_CASE_THEN_WRAP" value="true" />
    <option name="PRIMARY_KEY_NAME_TEMPLATE" value="{table}_{columns}_pk" />
  </MySQLCodeStyleSettings>
  <OracleCodeStyleSettings version="0">
    <option name="myVersion" value="0" />
    <option name="ALIAS_CASE" value="4" />
    <option name="TYPE_CASE" value="3" />
    <option name="QUERY_TRUE_INDENT" value="false" />
    <option name="QUERY_ALIGN_ELEMENTS" value="false" />
    <option name="QUERY_ALIGN_LINE_COMMENTS" value="false" />
    <option name="INSERT_EL_COMMA" value="2" />
    <option name="SET_EL_WRAP" value="0" />
    <option name="SET_EL_COMMA" value="0" />
    <option name="WITH_EL_WRAP" value="0" />
    <option name="WITH_EL_COMMA" value="0" />
    <option name="SELECT_EL_WRAP" value="3" />
    <option name="SELECT_EL_COMMA" value="2" />
    <option name="FROM_EL_WRAP" value="2" />
    <option name="FROM_EL_COMMA" value="2" />
    <option name="FROM_PLACE_ON" value="10" />
    <option name="WHERE_EL_WRAP" value="3" />
    <option name="WHERE_EL_BOUND" value="2" />
    <option name="ORDER_EL_COMMA" value="2" />
    <option name="TABLE_OPENING" value="1" />
    <option name="TABLE_CONTENT" value="2" />
    <option name="TABLE_CLOSING" value="3" />
    <option name="TABLE_ALTER_INSTRUCTION_ALIGN" value="false" />
    <option name="POST_OPT_WRAP_1" value="true" />
    <option name="POST_OPT_ALIGN" value="false" />
    <option name="ROUTINE_ARG_COMMA" value="2" />
    <option name="ROUTINE_ARG_ALIGN_TYPES" value="true" />
    <option name="IMP_DECLARE_EL_WRAP" value="1" />
    <option name="IMP_IF_THEN_WRAP_THEN" value="true" />
    <option name="CORTEGE_SPACE_BEFORE_L_PAREN" value="false" />
    <option name="EXPR_CASE_WHEN_WRAP" value="false" />
    <option name="EXPR_CASE_THEN_WRAP" value="true" />
    <option name="PRIMARY_KEY_NAME_TEMPLATE" value="{table}_{columns}_pk" />
  </OracleCodeStyleSettings>
  <PostgresCodeStyleSettings version="0">
    <option name="myVersion" value="0" />
    <option name="ALIAS_CASE" value="4" />
    <option name="TYPE_CASE" value="3" />
    <option name="QUERY_TRUE_INDENT" value="false" />
    <option name="QUERY_ALIGN_ELEMENTS" value="false" />
    <option name="QUERY_ALIGN_LINE_COMMENTS" value="false" />
    <option name="INSERT_EL_COMMA" value="2" />
    <option name="SET_EL_WRAP" value="0" />
    <option name="SET_EL_COMMA" value="0" />
    <option name="WITH_EL_WRAP" value="0" />
    <option name="WITH_EL_COMMA" value="0" />
    <option name="SELECT_EL_WRAP" value="3" />
    <option name="SELECT_EL_COMMA" value="2" />
    <option name="FROM_EL_WRAP" value="2" />
    <option name="FROM_EL_COMMA" value="2" />
    <option name="FROM_PLACE_ON" value="10" />
    <option name="WHERE_EL_WRAP" value="3" />
    <option name="WHERE_EL_BOUND" value="2" />
    <option name="ORDER_EL_COMMA" value="2" />
    <option name="TABLE_OPENING" value="1" />
    <option name="TABLE_CONTENT" value="2" />
    <option name="TABLE_CLOSING" value="3" />
    <option name="TABLE_ALTER_INSTRUCTION_ALIGN" value="false" />
    <option name="POST_OPT_WRAP_1" value="true" />
    <option name="POST_OPT_ALIGN" value="false" />
    <option name="ROUTINE_ARG_COMMA" value="2" />
    <option name="ROUTINE_ARG_ALIGN_TYPES" value="true" />
    <option name="IMP_DECLARE_EL_WRAP" value="1" />
    <option name="IMP_IF_THEN_WRAP_THEN" value="true" />
    <option name="CORTEGE_SPACE_BEFORE_L_PAREN" value="false" />
    <option name="EXPR_CASE_WHEN_WRAP" value="false" />
    <option name="EXPR_CASE_THEN_WRAP" value="true" />
    <option name="PRIMARY_KEY_NAME_TEMPLATE" value="{table}_{columns}_pk" />
  </PostgresCodeStyleSettings>
  <SQLiteCodeStyleSettings version="0">
    <option name="myVersion" value="0" />
    <option name="ALIAS_CASE" value="4" />
    <option name="TYPE_CASE" value="3" />
    <option name="QUERY_TRUE_INDENT" value="false" />
    <option name="QUERY_ALIGN_ELEMENTS" value="false" />
    <option name="QUERY_ALIGN_LINE_COMMENTS" value="false" />
    <option name="INSERT_EL_COMMA" value="2" />
    <option name="SET_EL_WRAP" value="0" />
    <option name="SET_EL_COMMA" value="0" />
    <option name="WITH_EL_WRAP" value="0" />
    <option name="WITH_EL_COMMA" value="0" />
    <option name="SELECT_EL_WRAP" value="3" />
    <option name="SELECT_EL_COMMA" value="2" />
    <option name="FROM_EL_WRAP" value="2" />
    <option name="FROM_EL_COMMA" value="2" />
    <option name="FROM_PLACE_ON" value="10" />
    <option name="WHERE_EL_WRAP" value="3" />
    <option name="WHERE_EL_BOUND" value="2" />
    <option name="ORDER_EL_COMMA" value="2" />
    <option name="TABLE_OPENING" value="1" />
    <option name="TABLE_CONTENT" value="2" />
    <option name="TABLE_CLOSING" value="3" />
    <option name="TABLE_ALTER_INSTRUCTION_ALIGN" value="false" />
    <option name="POST_OPT_WRAP_1" value="true" />
    <option name="POST_OPT_ALIGN" value="false" />
    <option name="ROUTINE_ARG_COMMA" value="2" />
    <option name="ROUTINE_ARG_ALIGN_TYPES" value="true" />
    <option name="CORTEGE_SPACE_BEFORE_L_PAREN" value="false" />
    <option name="EXPR_CASE_WHEN_WRAP" value="false" />
    <option name="EXPR_CASE_THEN_WRAP" value="true" />
    <option name="PRIMARY_KEY_NAME_TEMPLATE" value="{table}_{columns}_pk" />
  </SQLiteCodeStyleSettings>
  <ScalaCodeStyleSettings>
    <option name="MULTILINE_STRING_CLOSING_QUOTES_ON_NEW_LINE" value="true" />
  </ScalaCodeStyleSettings>
  <SqlCodeStyleSettings version="0">
    <option name="myVersion" value="0" />
    <option name="ALIAS_CASE" value="4" />
    <option name="TYPE_CASE" value="3" />
    <option name="QUERY_TRUE_INDENT" value="false" />
    <option name="QUERY_ALIGN_ELEMENTS" value="false" />
    <option name="QUERY_ALIGN_LINE_COMMENTS" value="false" />
    <option name="INSERT_EL_COMMA" value="2" />
    <option name="SET_EL_WRAP" value="0" />
    <option name="SET_EL_COMMA" value="0" />
    <option name="WITH_EL_WRAP" value="0" />
    <option name="WITH_EL_COMMA" value="0" />
    <option name="SELECT_EL_WRAP" value="3" />
    <option name="SELECT_EL_COMMA" value="2" />
    <option name="FROM_EL_WRAP" value="2" />
    <option name="FROM_EL_COMMA" value="2" />
    <option name="FROM_PLACE_ON" value="10" />
    <option name="WHERE_EL_WRAP" value="3" />
    <option name="WHERE_EL_BOUND" value="2" />
    <option name="ORDER_EL_COMMA" value="2" />
    <option name="TABLE_OPENING" value="1" />
    <option name="TABLE_CONTENT" value="2" />
    <option name="TABLE_CLOSING" value="3" />
    <option name="TABLE_ALTER_INSTRUCTION_ALIGN" value="false" />
    <option name="POST_OPT_WRAP_1" value="true" />
    <option name="POST_OPT_ALIGN" value="false" />
    <option name="ROUTINE_ARG_COMMA" value="2" />
    <option name="ROUTINE_ARG_ALIGN_TYPES" value="true" />
    <option name="IMP_DECLARE_EL_WRAP" value="1" />
    <option name="IMP_IF_THEN_WRAP_THEN" value="true" />
    <option name="CORTEGE_SPACE_BEFORE_L_PAREN" value="false" />
    <option name="EXPR_CASE_WHEN_WRAP" value="false" />
    <option name="EXPR_CASE_THEN_WRAP" value="true" />
    <option name="PRIMARY_KEY_NAME_TEMPLATE" value="{table}_{columns}_pk" />
    <option name="WRAP_INSIDE_CREATE_TABLE" value="1" />
  </SqlCodeStyleSettings>
  <SybaseCodeStyleSettings version="0">
    <option name="myVersion" value="0" />
    <option name="ALIAS_CASE" value="4" />
    <option name="TYPE_CASE" value="3" />
    <option name="QUERY_TRUE_INDENT" value="false" />
    <option name="QUERY_ALIGN_ELEMENTS" value="false" />
    <option name="QUERY_ALIGN_LINE_COMMENTS" value="false" />
    <option name="INSERT_EL_COMMA" value="2" />
    <option name="SET_EL_WRAP" value="0" />
    <option name="SET_EL_COMMA" value="0" />
    <option name="WITH_EL_WRAP" value="0" />
    <option name="WITH_EL_COMMA" value="0" />
    <option name="SELECT_EL_WRAP" value="3" />
    <option name="SELECT_EL_COMMA" value="2" />
    <option name="FROM_EL_WRAP" value="2" />
    <option name="FROM_EL_COMMA" value="2" />
    <option name="FROM_PLACE_ON" value="10" />
    <option name="WHERE_EL_WRAP" value="3" />
    <option name="WHERE_EL_BOUND" value="2" />
    <option name="ORDER_EL_COMMA" value="2" />
    <option name="TABLE_OPENING" value="1" />
    <option name="TABLE_CONTENT" value="2" />
    <option name="TABLE_CLOSING" value="3" />
    <option name="TABLE_TYPES_ALIGN" value="false" />
    <option name="TABLE_DEFAULTS_ALIGN" value="false" />
    <option name="TABLE_NULLABILITIES_ALIGN" value="false" />
    <option name="TABLE_ALTER_INSTRUCTION_ALIGN" value="false" />
    <option name="POST_OPT_WRAP_1" value="true" />
    <option name="POST_OPT_ALIGN" value="false" />
    <option name="ROUTINE_ARG_COMMA" value="2" />
    <option name="CORTEGE_SPACE_BEFORE_L_PAREN" value="false" />
    <option name="EXPR_BINARY_OP_ALIGN" value="false" />
    <option name="EXPR_CASE_WHEN_WRAP" value="false" />
    <option name="EXPR_CASE_THEN_WRAP" value="true" />
    <option name="PRIMARY_KEY_NAME_TEMPLATE" value="{table}_{columns}_pk" />
  </SybaseCodeStyleSettings>
  <XML>
    <option name="XML_SPACE_INSIDE_EMPTY_TAG" value="true" />
    <option name="XML_LEGACY_SETTINGS_IMPORTED" value="true" />
  </XML>
  <codeStyleSettings language="CSS">
    <indentOptions>
      <option name="INDENT_SIZE" value="2" />
      <option name="CONTINUATION_INDENT_SIZE" value="2" />
      <option name="TAB_SIZE" value="2" />
    </indentOptions>
  </codeStyleSettings>
  <codeStyleSettings language="HAML">
    <indentOptions>
      <option name="CONTINUATION_INDENT_SIZE" value="2" />
      <option name="TAB_SIZE" value="2" />
    </indentOptions>
  </codeStyleSettings>
  <codeStyleSettings language="HTML">
    <indentOptions>
      <option name="INDENT_SIZE" value="2" />
      <option name="CONTINUATION_INDENT_SIZE" value="2" />
      <option name="TAB_SIZE" value="2" />
    </indentOptions>
  </codeStyleSettings>
  <codeStyleSettings language="JAVA">
    <option name="KEEP_BLANK_LINES_IN_DECLARATIONS" value="1" />
    <option name="KEEP_BLANK_LINES_IN_CODE" value="1" />
    <option name="KEEP_BLANK_LINES_BEFORE_RBRACE" value="1" />
    <option name="ALIGN_MULTILINE_CHAINED_METHODS" value="true" />
    <option name="ALIGN_MULTILINE_PARAMETERS_IN_CALLS" value="true" />
    <option name="ALIGN_MULTILINE_BINARY_OPERATION" value="true" />
    <option name="ALIGN_MULTILINE_ASSIGNMENT" value="true" />
    <option name="ALIGN_MULTILINE_TERNARY_OPERATION" value="true" />
    <option name="ALIGN_MULTILINE_THROWS_LIST" value="true" />
    <option name="ALIGN_MULTILINE_EXTENDS_LIST" value="true" />
    <option name="ALIGN_MULTILINE_ARRAY_INITIALIZER_EXPRESSION" value="true" />
    <option name="SPACE_WITHIN_ARRAY_INITIALIZER_BRACES" value="true" />
    <option name="SPACE_BEFORE_ARRAY_INITIALIZER_LBRACE" value="true" />
    <option name="CALL_PARAMETERS_WRAP" value="1" />
    <option name="PREFER_PARAMETERS_WRAP" value="true" />
    <option name="METHOD_PARAMETERS_WRAP" value="1" />
    <option name="RESOURCE_LIST_WRAP" value="1" />
    <option name="EXTENDS_LIST_WRAP" value="1" />
    <option name="THROWS_LIST_WRAP" value="1" />
    <option name="EXTENDS_KEYWORD_WRAP" value="1" />
    <option name="THROWS_KEYWORD_WRAP" value="1" />
    <option name="METHOD_CALL_CHAIN_WRAP" value="1" />
    <option name="BINARY_OPERATION_WRAP" value="1" />
    <option name="BINARY_OPERATION_SIGN_ON_NEXT_LINE" value="true" />
    <option name="TERNARY_OPERATION_WRAP" value="1" />
    <option name="KEEP_SIMPLE_BLOCKS_IN_ONE_LINE" value="true" />
    <option name="KEEP_SIMPLE_METHODS_IN_ONE_LINE" value="true" />
    <option name="KEEP_SIMPLE_CLASSES_IN_ONE_LINE" value="true" />
    <option name="FOR_STATEMENT_WRAP" value="1" />
    <option name="ARRAY_INITIALIZER_WRAP" value="1" />
    <option name="ARRAY_INITIALIZER_LBRACE_ON_NEXT_LINE" value="true" />
    <option name="ARRAY_INITIALIZER_RBRACE_ON_NEXT_LINE" value="true" />
    <option name="ASSIGNMENT_WRAP" value="1" />
    <option name="ASSERT_STATEMENT_WRAP" value="1" />
    <option name="IF_BRACE_FORCE" value="3" />
    <option name="DOWHILE_BRACE_FORCE" value="3" />
    <option name="WHILE_BRACE_FORCE" value="3" />
    <option name="FOR_BRACE_FORCE" value="3" />
    <option name="PARAMETER_ANNOTATION_WRAP" value="1" />
    <option name="VARIABLE_ANNOTATION_WRAP" value="2" />
    <option name="ENUM_CONSTANTS_WRAP" value="1" />
  </codeStyleSettings>
  <codeStyleSettings language="JSON">
    <option name="SPACE_WITHIN_BRACKETS" value="true" />
    <option name="SPACE_WITHIN_BRACES" value="true" />
    <indentOptions>
      <option name="CONTINUATION_INDENT_SIZE" value="2" />
      <option name="TAB_SIZE" value="2" />
    </indentOptions>
  </codeStyleSettings>
  <codeStyleSettings language="JavaScript">
    <option name="KEEP_BLANK_LINES_IN_CODE" value="1" />
    <option name="ALIGN_MULTILINE_CHAINED_METHODS" value="true" />
    <option name="ALIGN_MULTILINE_BINARY_OPERATION" value="true" />
    <option name="ALIGN_MULTILINE_TERNARY_OPERATION" value="true" />
    <option name="ALIGN_MULTILINE_ARRAY_INITIALIZER_EXPRESSION" value="true" />
    <option name="CALL_PARAMETERS_WRAP" value="1" />
    <option name="METHOD_PARAMETERS_WRAP" value="1" />
    <option name="BINARY_OPERATION_WRAP" value="1" />
    <option name="TERNARY_OPERATION_WRAP" value="1" />
    <option name="TERNARY_OPERATION_SIGNS_ON_NEXT_LINE" value="true" />
    <option name="FOR_STATEMENT_WRAP" value="1" />
    <option name="ARRAY_INITIALIZER_WRAP" value="1" />
    <option name="ASSIGNMENT_WRAP" value="1" />
    <option name="WRAP_COMMENTS" value="true" />
    <option name="IF_BRACE_FORCE" value="3" />
    <option name="DOWHILE_BRACE_FORCE" value="3" />
    <option name="WHILE_BRACE_FORCE" value="3" />
    <option name="FOR_BRACE_FORCE" value="3" />
    <indentOptions>
      <option name="INDENT_SIZE" value="2" />
      <option name="CONTINUATION_INDENT_SIZE" value="2" />
      <option name="TAB_SIZE" value="2" />
    </indentOptions>
  </codeStyleSettings>
  <codeStyleSettings language="TypeScript">
    <option name="WRAP_COMMENTS" value="true" />
    <indentOptions>
      <option name="INDENT_SIZE" value="2" />
      <option name="TAB_SIZE" value="2" />
    </indentOptions>
  </codeStyleSettings>
  <codeStyleSettings language="XML">
    <indentOptions>
      <option name="INDENT_SIZE" value="2" />
      <option name="CONTINUATION_INDENT_SIZE" value="2" />
      <option name="TAB_SIZE" value="2" />
    </indentOptions>
  </codeStyleSettings>
</code_scheme>