<application>
  <component name="ParameterNameHintsSettings">
    <blacklists>
      <blacklist language="Java">
        <added pattern="java.sql.PreparedStatement.setString(parameterIndex,x)" />
        <added pattern="java.lang.String.join(delimiter,elements)" />
      </blacklist>
      <blacklist language="PHP">
        <removed pattern="" />
      </blacklist>
      <blacklist language="Groovy" />
      <blacklist language="Ruby" />
    </blacklists>
    <disabledLanguages>
      <language id="JAVA" />
      <language id="TypeScript" />
      <language id="Angular2Html" />
      <language id="JavaScript" />
      <language id="kotlin" />
      <language id="Groovy" />
      <language id="SQL" />
    </disabledLanguages>
  </component>
</application>