<application>
  <component name="ProjectManager">
    <defaultProject>
      <component name="BookmarkManager">
        <bookmark url="file://$USER_HOME$/Workspace/golang/src/github.com/pltr/onering/ring.go" description="func (c *multi) frame(p int64) (data *unsafe.Point..." line="76" />
      </component>
      <component name="ClojureProjectResolveSettings">
        <currentScheme>IDE</currentScheme>
      </component>
      <component name="Encoding" addBOMForNewFiles="with NO BOM" />
      <component name="GradleLocalSettings">
        <option name="modificationStamps">
          <map>
            <entry key="$USER_HOME$/Workspace/LINE/glasshouse" value="5907412115000" />
            <entry key="$USER_HOME$/Workspace/LINE/hummingbird" value="8892778002000" />
            <entry key="$USER_HOME$/Workspace/LINE/imon-kafka2es" value="2979131998000" />
            <entry key="$USER_HOME$/Workspace/personal/Hystrix" value="23409840032000" />
            <entry key="$USER_HOME$/Workspace/personal/go-lang-idea-plugin" value="5927142624000" />
            <entry key="$USER_HOME$/Workspace/personal/kafka" value="4461441192000" />
          </map>
        </option>
        <option name="projectSyncType">
          <map>
            <entry key="$USER_HOME$/Workspace/LINE/armeria" value="PREVIEW" />
            <entry key="$USER_HOME$/Workspace/LINE/imon-trace-ingester" value="PREVIEW" />
            <entry key="$USER_HOME$/Workspace/LINE/micrometer" value="PREVIEW" />
          </map>
        </option>
      </component>
      <component name="ProjectRootManager" version="2" languageLevel="JDK_1_3" />
      <component name="PropertiesComponent">
        <property name="nodejs_interpreter_path.stuck_in_default_project" value="undefined stuck path" />
        <property name="nodejs_npm_path_reset_for_default_project" value="true" />
      </component>
      <component name="RunDashboard">
        <option name="ruleStates">
          <list>
            <RuleState>
              <option name="name" value="ConfigurationTypeDashboardGroupingRule" />
            </RuleState>
            <RuleState>
              <option name="name" value="StatusDashboardGroupingRule" />
            </RuleState>
          </list>
        </option>
      </component>
      <component name="RunManager">
        <configuration default="true" type="Applet">
          <option name="POLICY_FILE" value="$APPLICATION_HOME_DIR$/bin/appletviewer.policy" />
          <method v="2">
            <option name="Make" enabled="true" />
          </method>
        </configuration>
        <configuration default="true" type="Application" factoryName="Application">
          <option name="WORKING_DIRECTORY" value="$PROJECT_DIR$" />
          <method v="2">
            <option name="Make" enabled="true" />
          </method>
        </configuration>
        <configuration default="true" type="JUnit" factoryName="JUnit">
          <option name="TEST_OBJECT" value="class" />
          <option name="WORKING_DIRECTORY" value="$MODULE_DIR$" />
          <method v="2">
            <option name="Make" enabled="true" />
          </method>
        </configuration>
        <configuration default="true" type="TestNG">
          <option name="TEST_OBJECT" value="CLASS" />
          <option name="WORKING_DIRECTORY" value="$MODULE_DIR$" />
          <properties />
          <listeners />
          <method v="2">
            <option name="Make" enabled="true" />
          </method>
        </configuration>
        <configuration default="true" type="#org.jetbrains.idea.devkit.run.PluginConfigurationType">
          <module name="" />
          <option name="VM_PARAMETERS" value="-Xmx512m -Xms256m -XX:MaxPermSize=250m -ea" />
          <option name="PROGRAM_PARAMETERS" />
          <predefined_log_file enabled="true" id="idea.log" />
          <method v="2">
            <option name="Make" enabled="true" />
          </method>
        </configuration>
      </component>
      <component name="SbtLocalSettings">
        <option name="modificationStamps">
          <map>
            <entry key="$USER_HOME$/Work/LINE/healthBot" value="1460960376000" />
            <entry key="$USER_HOME$/Workspace/LINE/atlas" value="1482979464000" />
            <entry key="$USER_HOME$/Workspace/Part/konnect-server" value="1469621842000" />
            <entry key="$USER_HOME$/Workspace/Part/mba-build/konnect-server" value="1470149421000" />
            <entry key="$USER_HOME$/Workspace/personal/scalgo" value="1468159762000" />
            <entry key="$USER_HOME$/Workspace/personal/storehaus" value="1476537981000" />
          </map>
        </option>
        <option name="projectSyncType">
          <map>
            <entry key="$USER_HOME$/Workspace/personal/finagle" value="PREVIEW" />
            <entry key="$USER_HOME$/Workspace/personal/scalgo" value="PREVIEW" />
          </map>
        </option>
      </component>
      <component name="ScalaSbtSettings">
        <option name="customVMPath" />
      </component>
      <component name="ThriftCompiler">
        <compilers />
      </component>
      <component name="masterDetails">
        <states>
          <state key="ProjectJDKs.UI">
            <settings>
              <last-edited>1.8 (1)</last-edited>
              <splitter-proportions>
                <option name="proportions">
                  <list>
                    <option value="0.2" />
                  </list>
                </option>
              </splitter-proportions>
            </settings>
          </state>
        </states>
      </component>
    </defaultProject>
  </component>
</application>