<application>
  <component name="GwtSdkManager">
    <gwt-sdk-list>
      <gwt-sdk url="file://$USER_HOME$/.gradle/caches/modules-2/files-2.1/com.google.gwt/gwt-dev/2.2.0" />
      <gwt-sdk url="file://$USER_HOME$/.gradle/caches/modules-2/files-2.1/com.google.gwt/gwt-dev/2.5.1" />
      <gwt-sdk url="file://$MAVEN_REPOSITORY$/com/google/gwt/gwt-dev/2.6.0" />
      <gwt-sdk url="file://$MAVEN_REPOSITORY$/com/google/gwt/gwt-dev/2.6.0" />
    </gwt-sdk-list>
  </component>
  <component name="libraryTable">
    <library name="Bundled Protobuf Distribution">
      <CLASSES />
      <JAVADOC />
      <SOURCES>
        <root url="jar://$APPLICATION_PLUGINS_DIR$/protobuf-jetbrains-plugin/lib/protobuf-java-3.6.1-sources.jar!/" />
      </SOURCES>
    </library>
    <library name="scala-sdk-2.11.8" type="Scala">
      <properties>
        <compiler-classpath>
          <root url="file://$USER_HOME$/.ivy2/cache/org.scala-lang/scala-compiler/jars/scala-compiler-2.11.8.jar" />
          <root url="file://$USER_HOME$/.ivy2/cache/org.scala-lang/scala-library/jars/scala-library-2.11.8.jar" />
          <root url="file://$USER_HOME$/.ivy2/cache/org.scala-lang/scala-reflect/jars/scala-reflect-2.11.8.jar" />
        </compiler-classpath>
      </properties>
      <CLASSES>
        <root url="jar://$USER_HOME$/.ivy2/cache/org.scala-lang/scala-library/jars/scala-library-2.11.8.jar!/" />
        <root url="jar://$USER_HOME$/.ivy2/cache/org.scala-lang/scala-reflect/jars/scala-reflect-2.11.8.jar!/" />
      </CLASSES>
      <JAVADOC>
        <root url="jar://$USER_HOME$/.ivy2/cache/org.scala-lang/scala-library/docs/scala-library-2.11.8-javadoc.jar!/" />
        <root url="jar://$USER_HOME$/.ivy2/cache/org.scala-lang/scala-reflect/docs/scala-reflect-2.11.8-javadoc.jar!/" />
      </JAVADOC>
      <SOURCES>
        <root url="jar://$USER_HOME$/.ivy2/cache/org.scala-lang/scala-library/srcs/scala-library-2.11.8-sources.jar!/" />
        <root url="jar://$USER_HOME$/.ivy2/cache/org.scala-lang/scala-reflect/srcs/scala-reflect-2.11.8-sources.jar!/" />
      </SOURCES>
    </library>
  </component>
</application>