<application>
  <component name="GoSdkList">
    <sdk-path>
      <set>
        <option value="" />
        <option value="/usr/local/Cellar/go/1.11/libexec" />
        <option value="/usr/local/Cellar/go/1.12.6/libexec" />
        <option value="/usr/local/Cellar/go/1.12.7/libexec" />
        <option value="/usr/local/Cellar/go/1.12/libexec" />
        <option value="/usr/local/Cellar/go/1.13/libexec" />
        <option value="/usr/local/Cellar/go/1.14.1/libexec" />
        <option value="/usr/local/Cellar/go/1.9.2/libexec" />
      </set>
    </sdk-path>
  </component>
</application>