<application>
  <component name="IntentionManagerSettings">
    <ignoreAction name="XML/Reset to default namespace" />
    <ignoreAction name="Java/Control Flow/Replace Assert with If Statement" />
    <ignoreAction name="Java/Strings/Copy String Concatenation Text to the Clipboard" />
    <ignoreAction name="Java/Control Flow/Invert 'if' condition" />
    <ignoreAction name="Language Injection/Inject language or reference" />
    <ignoreAction name="Language Injection/Edit Injected Fragment" />
    <ignoreAction name="Java/Control Flow/Create switch statement" />
    <ignoreAction name="Clojure/Resolution" />
    <ignoreAction name="Markdown/Hide errors in code fences" />
    <ignoreAction name="Language injection/Edit injected fragment" />
  </component>
</application>