<application>
  <component name="vgo">
    <environment>
      <map>
        <entry key="GOPROXY">
          <value>
            <list>
              <option value="direct,GOPRIVATE=git.linecorp.com" />
              <option value="direct GOPRIVATE=git.linecorp.com" />
              <option value="direct" />
              <option value="direct GOPRIVATE=&quot;git.linecorp.com&quot;" />
            </list>
          </value>
        </entry>
      </map>
    </environment>
  </component>
</application>